<?xml version="1.0" encoding="UTF-8"?>
<LightningComponentBundle xmlns="http://soap.sforce.com/2006/04/metadata">
     <apiVersion>48.0</apiVersion>
    <isExposed>true</isExposed>
    <targets>
        <target>lightning__AppPage</target>
        <target>lightning__HomePage</target>
        <target>lightning__UtilityBar</target>
        <target>lightning__Inbox</target>
    </targets>
     <targetConfigs>
        <targetConfig targets="lightning__AppPage,lightning__HomePage">
            <property name="footertext" type="String" default="Multi Approval by Vignesh" />
        </targetConfig> 
    </targetConfigs>
</LightningComponentBundle>