<?xml version="1.0" encoding="UTF-8"?>
<LightningComponentBundle xmlns="http://soap.sforce.com/2006/04/metadata">
    <apiVersion>56.0</apiVersion>
    <isExposed>true</isExposed>
    <!--
      <targets>
        <target>lightning__GlobalAction</target>
        <target>lightning__AppPage</target>
   </targets>
    <targetConfigs>
   <targetConfig targets="lightning__GlobalAction">
        <actionType>Action</actionType>
      </targetConfig>
 </targetConfigs>
    -->
    

    <targets>
  <target>lightning__RecordAction</target>
  <target>lightning__AppPage</target>
  <target>lightning__FlowScreen</target>

</targets>

<targetConfigs>
  <targetConfig targets="lightning__RecordAction">
    <actionType>ScreenAction</actionType>

  </targetConfig>

  <targetConfig targets="lightning__FlowScreen">
    <property name="currentRecordId" type="String"  />
  </targetConfig>
</targetConfigs>



</LightningComponentBundle>