<?xml version="1.0" encoding="UTF-8"?>
<LightningComponentBundle xmlns="http://soap.sforce.com/2006/04/metadata">
    <apiVersion>56.0</apiVersion>
    <isExposed>true</isExposed>
    <masterLabel>New Case</masterLabel>
    <targets>
        <target>lightning__HomePage</target>
        <target>lightning__AppPage</target>
        <target>lightning__RecordPage</target>
        <target>lightning__Tab</target>
        <target>lightningCommunity__Page</target>
		<target>lightningCommunity__Default</target>
        <target>lightning__RecordAction</target>
    </targets>

    <targetConfigs>
        <targetConfig targets="lightning__RecordAction">
            <actionType>ScreenAction</actionType>
        </targetConfig>
 </targetConfigs>

</LightningComponentBundle>