<?xml version="1.0" encoding="UTF-8"?>
<LightningComponentBundle xmlns="http://soap.sforce.com/2006/04/metadata">
    <apiVersion>55.0</apiVersion>
    <isExposed>true</isExposed>
    <targets>
        <target>lightningCommunity__Page</target>
        <target>lightningCommunity__Default</target>
        <target>lightning__HomePage</target>
    </targets>
    <!-- <targetConfigs>
        <targetConfig targets="lightningCommunity__Default">
            <property
                name="video"
                type="String"
                label="Video url"
                description="video url in mp4."
                default=""
            />

            <property
                name="image"
                type="String"
                label="image url"
                description="image url "
                default=""
            />
        </targetConfig>
    </targetConfigs> -->
</LightningComponentBundle>