<?xml version="1.0" encoding="UTF-8"?>
<ApexPage xmlns="http://soap.sforce.com/2006/04/metadata">
    <apiVersion>57.0</apiVersion>
    <availableInTouch>true</availableInTouch>
    <confirmationTokenRequired>false</confirmationTokenRequired>
    <label>Music Event Inerest</label>
    <packageVersions>
        <majorNumber>8</majorNumber>
        <minorNumber>213</minorNumber>
        <namespace>APXTConga4</namespace>
    </packageVersions>
    <packageVersions>
        <majorNumber>1</majorNumber>
        <minorNumber>7</minorNumber>
        <namespace>BarQR</namespace>
    </packageVersions>
    <packageVersions>
        <majorNumber>3</majorNumber>
        <minorNumber>1</minorNumber>
        <namespace>Bluefin</namespace>
    </packageVersions>
    <packageVersions>
        <majorNumber>1</majorNumber>
        <minorNumber>5</minorNumber>
        <namespace>MCCA5PROD</namespace>
    </packageVersions>
    <packageVersions>
        <majorNumber>242</majorNumber>
        <minorNumber>43</minorNumber>
        <namespace>et4ae5</namespace>
    </packageVersions>
    <packageVersions>
        <majorNumber>10</majorNumber>
        <minorNumber>32</minorNumber>
        <namespace>fw1</namespace>
    </packageVersions>
    <packageVersions>
        <majorNumber>1</majorNumber>
        <minorNumber>20</minorNumber>
        <namespace>sf_chttr_apps</namespace>
    </packageVersions>
    <packageVersions>
        <majorNumber>1</majorNumber>
        <minorNumber>7</minorNumber>
        <namespace>sf_com_apps</namespace>
    </packageVersions>
    <packageVersions>
        <majorNumber>1</majorNumber>
        <minorNumber>2</minorNumber>
        <namespace>ysintegration</namespace>
    </packageVersions>
</ApexPage>
